top_k,fit_sec,predict_ms,weighted_normalized_mae,predicted_compliance_rate
24,1.1331087000435218,15.162600029725581,0.2523932674044934,1.0
40,1.6563358000130393,13.198999979067594,0.2366706848659523,1.0
64,2.528318400029093,14.70179995521903,0.24828889711047597,1.0
96,3.5892351999646053,14.947200019378215,0.2449281042133405,1.0
